TIME,SIGNAL
2,0
3,0
4,0
5,0
6,0
7,0
8,0
9,0
10,0
11,0
12,0
13,0
14,0
15,0
16,0
17,844
18,842
19,844
20,842
21,843
22,842
23,843
24,842
25,0
26,0
27,0
28,0
29,0
30,0
31,0
32,0
33,844
34,842
35,843
36,842
37,843
38,842
39,842
40,844
41,842
42,0
43,0
44,0
45,0
46,0
47,0
48,0
49,0
50,844
51,842
52,844
53,842
54,843
55,843
56,842
57,843
58,0
59,0
60,0
61,0
62,0
63,0
64,0
65,0
66,0
67,843
68,843
69,843
70,843
71,843
72,843
73,843
74,842
75,0
76,0
77,0
78,0
79,0
80,0
81,0
82,0
83,844
84,842
85,843
86,842
87,843
88,843
89,843
90,842
91,843
92,0
93,0
94,0
95,0
96,0
97,0
98,0
99,0
100,843
101,843
102,843
103,843
104,843
105,843
106,843
107,844
108,0
109,0
110,0
111,0
112,0
113,0
114,0
115,0
116,0
117,842
118,843
119,842
120,842
121,842
122,842
123,842
124,842
125,0
126,0
127,0
128,0
129,0
130,0
131,0
132,0
133,843
134,843
135,843
136,843
137,842
138,842
139,842
140,842
141,0
142,0
143,0
144,0
145,0
146,0
147,0
148,0
149,0
150,843
151,843
152,843
153,843
154,843
155,843
156,842
157,842
158,0
159,0
160,0
161,0
162,0
163,0
164,0
165,0
166,842
167,842
168,842
169,842
170,842
171,843
172,842
173,842
174,842
175,0
176,0
177,0
178,0
179,0
180,0
181,0
182,0
183,843
184,844
185,843
186,844
187,843
188,843
189,844
190,844
191,0
192,0
193,0
194,0
195,0
196,0
197,0
198,0
199,0
200,843
201,843
202,843
203,843
204,843
205,843
206,843
207,843
208,0
209,0
210,0
211,0
212,0
213,0
214,0
215,0
216,842
217,842
218,842
219,842
220,842
221,842
222,842
223,842
224,842
225,0
226,0
227,0
228,0
229,0
230,0
231,0
232,0
233,844
234,843
235,842
236,842
237,843
238,842
239,842
240,842
241,0
242,0
243,0
244,0
245,0
246,0
247,0
248,0
249,0
250,843
251,843
252,844
253,843
254,843
255,843
256,843
257,844
258,0
259,0
260,0
261,0
262,0
263,0
264,0
265,0
266,842
267,843
268,843
269,843
270,843
271,843
272,844
273,844
274,843
275,0
276,0
277,0
278,0
279,0
280,0
281,0
282,0
283,842
284,842
285,842
286,842
287,842
288,842
289,842
290,842
291,0
292,0
293,0
294,0
295,0
296,0
297,0
298,0
299,0
300,843
301,843
302,842
303,843
304,843
305,843
306,843
307,843
308,0
309,0
310,0
311,0
312,0
313,0
314,0
315,0
316,844
317,843
318,843
319,843
320,843
321,842
322,842
323,843
324,841
325,0
326,0
327,0
328,0
329,0
330,0
331,0
332,0
333,843
334,843
335,843
336,843
337,843
338,843
339,843
340,843
341,0
342,0
343,0
344,0
345,0
346,0
347,0
348,0
349,0
350,842
351,842
352,842
353,841
354,842
355,842
356,842
357,842
358,0
359,0
360,0
361,0
362,0
363,0
364,0
365,0
366,844
367,843
368,843
369,843
370,843
371,842
372,843
373,843
374,0
375,0
376,0
377,0
378,0
379,0
380,0
381,0
382,0
383,842
384,842
385,842
386,842
387,842
388,842
389,842
390,843
391,0
392,0
393,0
394,0
395,0
396,0
397,0
398,0
399,842
400,842
401,843
402,842
403,844
404,844
405,843
406,843
407,843
408,0
409,0
410,0
411,0
412,0
413,0
414,0
415,0
416,842
417,842
418,843
419,844
420,843
421,843
422,843
423,843
424,0
425,0
426,0
427,0
428,0
429,0
430,0
431,0
432,0
433,843
434,842
435,842
436,842
437,843
438,843
439,842
440,842
441,0
442,0
443,0
444,0
445,0
446,0
447,0
448,0
449,843
450,843
451,843
452,843
453,843
454,844
455,844
456,844
457,843
458,0
459,0
460,0
461,0
462,0
463,0
464,0
465,0
466,842
467,842
468,843
469,843
470,844
471,843
472,843
473,843
474,0
475,0
476,0
477,0
478,0
479,0
480,0
481,0
482,0
483,842
484,843
485,842
486,841
487,842
488,842
489,842
490,842
491,0
492,0
493,0
494,0
495,0
496,0
497,0
498,0
499,843
500,843
501,843
502,842
503,842
504,843
505,843
506,842
507,841
508,0
509,0
510,0
511,0
512,0
513,0
514,0
515,0
516,843
517,843
518,843
519,844
520,844
521,844
522,844
523,843
524,0
525,0
526,0
527,0
528,0
529,0
530,0
531,0
532,0
533,842
534,842
535,842
536,842
537,842
538,842
539,842
540,842
541,0
542,0
543,0
544,0
545,0
546,0
547,0
548,0
549,844
550,844
551,844
552,844
553,844
554,844
555,843
556,843
557,843
558,0
559,0
560,0
561,0
562,0
563,0
564,0
565,0
566,842
567,843
568,843
569,843
570,843
571,843
572,843
573,842
574,0
575,0
576,0
577,0
578,0
579,0
580,0
581,0
582,844
583,843
584,843
585,843
586,843
587,843
588,843
589,843
590,842
591,0
592,0
593,0
594,0
595,0
596,0
597,0
598,0
599,844
600,843
601,843
602,844
603,844
604,843
605,843
606,843
607,0
608,0
609,0
610,0
611,0
612,0
613,0
614,0
615,0
616,842
617,842
618,842
619,843
620,843
621,844
622,844
623,843
624,0
625,0
626,0
627,0
628,0
629,0
630,0
631,0
632,843
633,843
634,843
635,844
636,843
637,843
638,844
639,844
640,844
641,0
642,0
643,0
644,0
645,0
646,0
647,0
648,0
649,844
650,843
651,843
652,842
653,841
654,842
655,843
656,843
657,0
658,0
659,0
660,0
661,0
662,0
663,0
664,0
665,0
666,843
667,843
668,844
669,844
670,844
671,843
672,844
673,844
674,0
675,0
676,0
677,0
678,0
679,0
680,0
681,0
682,843
683,843
684,843
685,844
686,843
687,843
688,843
689,844
690,842
691,0
692,0
693,0
694,0
695,0
696,0
697,0
698,0
699,842
700,842
701,843
702,843
703,843
704,843
705,844
706,842
707,0
708,0
709,0
710,0
711,0
712,0
713,0
714,0
715,0
716,842
717,842
718,842
719,842
720,842
721,843
722,842
723,842
724,0
725,0
726,0
727,0
728,0
729,0
730,0
731,0
732,843
733,842
734,842
735,843
736,843
737,843
738,843
739,844
740,843
741,0
742,0
743,0
744,0
745,0
746,0
747,0
748,0
749,843
750,843
751,843
752,843
753,843
754,843
755,843
756,843
757,0
758,0
759,0
760,0
761,0
762,0
763,0
764,0
765,0
766,843
767,843
768,844
769,843
770,844
771,843
772,844
773,843
774,0
775,0
776,0
777,0
778,0
779,0
780,0
781,0
782,843
783,843
784,843
785,843
786,843
787,842
788,842
789,842
790,0
791,0
792,0
793,0
794,0
795,0
796,0
797,0
798,0
799,843
800,843
801,843
802,844
803,844
804,844
805,844
806,843
807,0
808,0
809,0
810,0
811,0
812,0
813,0
814,0
815,843
816,843
817,843
818,843
819,844
820,844
821,843
822,843
823,843
824,0
825,0
826,0
827,0
828,0
829,0
830,0
831,0
832,844
833,844
834,843
835,842
836,843
837,843
838,843
839,843
840,0
841,0
842,0
843,0
844,0
845,0
846,0
847,0
848,0
849,843
850,844
851,843
852,843
853,843
854,843
855,844
856,843
857,0
858,0
859,0
860,0
861,0
862,0
863,0
864,0
865,843
866,843
867,843
868,844
869,844
870,844
871,843
872,843
873,843
874,0
875,0
876,0
877,0
878,0
879,0
880,0
881,0
882,842
883,842
884,842
885,842
886,842
887,843
888,843
889,842
890,0
891,0
892,0
893,0
894,0
895,0
896,0
897,0
898,0
899,843
900,842
901,842
902,843
903,843
904,843
905,842
906,843
907,0
908,0
909,0
910,0
911,0
912,0
913,0
914,0
915,844
916,843
917,844
918,843
919,842
920,842
921,842
922,842
923,842
924,0
925,0
926,0
927,0
928,0
929,0
930,0
931,0
932,844
933,844
934,843
935,843
936,843
937,843
938,843
939,843
940,0
941,0
942,0
943,0
944,0
945,0
946,0
947,0
948,0
949,843
950,843
951,843
952,843
953,843
954,842
955,842
956,842
957,0
958,0
959,0
960,0
961,0
962,0
963,0
964,0
965,842
966,842
967,842
968,843
969,842
970,842
971,842
972,842
973,0
974,0
975,0
976,0
977,0
978,0
979,0
980,0
981,0
982,843
983,843
984,843
985,844
986,843
987,843
988,843
989,843
990,0
991,0
992,0
993,0
994,0
995,0
996,0
997,0
998,842
999,842
1000,842
1001,844
1002,842
1003,844
1004,842
1005,844
1006,842
1007,0
1008,0
1009,0
1010,0
1011,0
1012,0
1013,0
1014,0
1015,843
1016,843
1017,843
1018,844
1019,842
1020,843
1021,843
1022,842
1023,0
1024,0
1025,0
1026,0
1027,0
1028,0
1029,0
1030,0
1031,0
1032,843
1033,842
1034,843
1035,842
1036,843
1037,842
1038,843
1039,843
1040,0
1041,0
1042,0
1043,0
1044,0
1045,0
1046,0
1047,0
1048,842
1049,844
1050,842
1051,843
1052,843
1053,842
1054,843
1055,843
1056,842
1057,0
1058,0
1059,0
1060,0
1061,0
1062,0
1063,0
1064,0
1065,843
1066,843
1067,842
1068,844
1069,842
1070,843
1071,843
1072,842
1073,0
1074,0
1075,0
1076,0
1077,0
1078,0
1079,0
1080,0
1081,0
1082,842
1083,843
1084,842
1085,844
1086,842
1087,843
1088,842
1089,843
1090,0
1091,0
1092,0
1093,0
1094,0
1095,0
1096,0
1097,0
1098,844
1099,842
1100,843
1101,844
1102,842
1103,843
1104,842
1105,843
1106,844
1107,0
1108,0
1109,0
1110,0
1111,0
1112,0
1113,0
1114,0
1115,842
1116,843
1117,844
1118,842
1119,843
1120,843
1121,842
1122,844
1123,0
1124,0
1125,0
1126,0
1127,0
1128,0
1129,0
1130,0
1131,0
1132,842
1133,843
1134,842
1135,844
1136,843
1137,842
1138,844
1139,843
1140,0
1141,0
1142,0
1143,0
1144,0
1145,0
1146,0
1147,0
1148,844
1149,842
1150,843
1151,844
1152,842
1153,843
1154,842
1155,843
1156,0
1157,0
1158,0
1159,0
1160,0
1161,0
1162,0
1163,0
1164,0
1165,843
1166,842
1167,843
1168,843
1169,843
1170,843
1171,842
1172,844
1173,0
1174,0
1175,0
1176,0
1177,0
1178,0
1179,0
1180,0
1181,843
1182,842
1183,843
1184,842
1185,843
1186,843
1187,843
1188,844
1189,842
1190,0
1191,0
1192,0
1193,0
1194,0
1195,0
1196,0
1197,0
1198,843
1199,843
1200,842
1201,843
1202,842
1203,843
1204,843
1205,843
1206,0
1207,0
1208,0
1209,0
1210,0
1211,0
1212,0
1213,0
1214,0
1215,843
1216,843
1217,843
1218,843
1219,843
1220,843
1221,842
1222,843
1223,0
1224,0
1225,0
1226,0
1227,0
1228,0
1229,0
1230,0
1231,844
1232,842
1233,843
1234,843
1235,842
1236,844
1237,842
1238,843
1239,843
1240,0
1241,0
1242,0
1243,0
1244,0
1245,0
1246,0
1247,0
1248,842
1249,843
1250,842
1251,844
1252,842
1253,844
1254,842
1255,843
1256,0
1257,0
1258,0
1259,0
1260,0
1261,0
1262,0
1263,0
1264,0
1265,843
1266,843
1267,842
1268,843
1269,843
1270,842
1271,844
1272,842
1273,0
1274,0
1275,0
1276,0
1277,0
1278,0
1279,0
1280,0
1281,843
1282,843
1283,844
1284,842
1285,843
1286,842
1287,843
1288,843
1289,842
1290,0
1291,0
1292,0
1293,0
1294,0
1295,0
1296,0
1297,0
1298,843
1299,843
1300,843
1301,842
1302,844
1303,842
1304,843
1305,842
1306,0
1307,0
1308,0
1309,0
1310,0
1311,0
1312,0
1313,0
1314,0
1315,844
1316,842
1317,842
1318,844
1319,843
1320,842
1321,844
1322,842
1323,0
1324,0
1325,0
1326,0
1327,0
1328,0
1329,0
1330,0
1331,842
1332,843
1333,843
1334,842
1335,843
1336,842
1337,843
1338,843
1339,841
1340,0
1341,0
1342,0
1343,0
1344,0
1345,0
1346,0
1347,0
1348,843
1349,842
1350,842
1351,843
1352,842
1353,843
1354,844
1355,843
1356,0
1357,0
1358,0
1359,0
1360,0
1361,0
1362,0
1363,0
1364,842
1365,843
1366,843
1367,842
1368,844
1369,842
1370,843
1371,842
1372,843
1373,0
1374,0
1375,0
1376,0
1377,0
1378,0
1379,0
1380,0
1381,844
1382,842
1383,844
1384,842
1385,843
1386,843
1387,842
1388,844
1389,0
1390,0
1391,0
1392,0
1393,0
1394,0
1395,0
1396,0
1397,0
1398,842
1399,843
1400,842
1401,842
1402,843
1403,842
1404,843
1405,843
1406,0
1407,0
1408,0
1409,0
1410,0
1411,0
1412,0
1413,0
1414,844
1415,842
1416,843
1417,843
1418,842
1419,844
1420,842
1421,843
1422,844
1423,0
1424,0
1425,0
1426,0
1427,0
1428,0
1429,0
1430,0
1431,842
1432,844
1433,842
1434,844
1435,842
1436,843
1437,844
1438,842
1439,0
1440,0
1441,0
1442,0
1443,0
1444,0
1445,0
1446,0
1447,0
1448,842
1449,844
1450,842
1451,842
1452,844
1453,842
1454,843
1455,843
1456,0
1457,0
1458,0
1459,0
1460,0
1461,0
1462,0
1463,0
1464,843
1465,843
1466,843
1467,843
1468,843
1469,843
1470,842
1471,844
1472,842
1473,0
1474,0
1475,0
1476,0
1477,0
1478,0
1479,0
1480,0
1481,843
1482,843
1483,843
1484,843
1485,842
1486,844
1487,842
1488,843
1489,0
1490,0
1491,0
1492,0
1493,0
1494,0
1495,0
1496,0
1497,0
1498,842
1499,844
1500,843
1501,843
1502,844
1503,842
1504,844
1505,842
1506,0
1507,0
1508,0
1509,0
1510,0
1511,0
1512,0
1513,0
1514,843
1515,842
1516,843
1517,843
1518,843
1519,843
1520,843
1521,844
1522,842
1523,0
1524,0
1525,0
1526,0
1527,0
1528,0
1529,0
1530,0
1531,843
1532,842
1533,844
1534,842
1535,843
1536,843
1537,842
1538,844
1539,0
1540,0
1541,0
1542,0
1543,0
1544,0
1545,0
1546,0
1547,0
1548,843
1549,843
1550,842
1551,843
1552,842
1553,844
1554,842
1555,843
1556,0
1557,0
1558,0
1559,0
1560,0
1561,0
1562,0
1563,0
1564,842
1565,843
1566,843
1567,842
1568,844
1569,842
1570,843
1571,844
1572,0
1573,0
1574,0
1575,0
1576,0
1577,0
1578,0
1579,0
1580,0
1581,842
1582,843
1583,843
1584,842
1585,843
1586,843
1587,842
1588,843
1589,0
1590,0
1591,0
1592,0
1593,0
1594,0
1595,0
1596,0
1597,0
1598,843
1599,842
1600,843
1601,842
1602,843
1603,843
1604,843
1605,843
1606,0
1607,0
1608,0
1609,0
1610,0
1611,0
1612,0
1613,0
1614,844
1615,843
1616,842
1617,843
1618,843
1619,842
1620,844
1621,842
1622,0
1623,0
1624,0
1625,0
1626,0
1627,0
1628,0
1629,0
1630,0
1631,843
1632,843
1633,842
1634,844
1635,842
1636,844
1637,843
1638,842
1639,0
1640,0
1641,0
1642,0
1643,0
1644,0
1645,0
1646,0
1647,842
1648,844
1649,842
1650,843
1651,844
1652,842
1653,843
1654,842
1655,843
1656,0
1657,0
1658,0
1659,0
1660,0
1661,0
1662,0
1663,0
1664,842
1665,843
1666,843
1667,843
1668,843
1669,842
1670,843
1671,843
1672,0
1673,0
1674,0
1675,0
1676,0
1677,0
1678,0
1679,0
1680,0
1681,844
1682,842
1683,842
1684,843
1685,843
1686,843
1687,842
1688,844
1689,0
1690,0
1691,0
1692,0
1693,0
1694,0
1695,0
1696,0
1697,843
1698,843
1699,842
1700,843
1701,842
1702,843
1703,844
1704,842
1705,843
1706,0
1707,0
1708,0
1709,0
1710,0
1711,0
1712,0
1713,0
1714,842
1715,844
1716,842
1717,843
1718,843
1719,842
1720,844
1721,842
1722,0
1723,0
1724,0
1725,0
1726,0
1727,0
1728,0
1729,0
1730,0
1731,842
1732,843
1733,842
1734,844
1735,843
1736,843
1737,844
1738,842
1739,0
1740,0
1741,0
1742,0
1743,0
1744,0
1745,0
1746,0
1747,842
1748,843
1749,843
1750,842
1751,843
1752,842
1753,843
1754,843
1755,842
1756,0
1757,0
1758,0
1759,0
1760,0
1761,0
1762,0
1763,0
1764,844
1765,842
1766,844
1767,842
1768,843
1769,843
1770,842
1771,843
1772,0
1773,0
1774,0
1775,0
1776,0
1777,0
1778,0
1779,0
1780,843
1781,843
1782,844
1783,842
1784,843
1785,843
1786,843
1787,843
1788,842
1789,0
1790,0
1791,0
1792,0
1793,0
1794,0
1795,0
1796,0
1797,843
1798,843
1799,842
1800,844
1801,842
1802,843
1803,842
1804,844
1805,0
1806,0
1807,0
1808,0
1809,0
1810,0
1811,0
1812,0
1813,0
1814,842
1815,843
1816,842
1817,844
1818,842
1819,844
1820,842
1821,843
1822,0
1823,0
1824,0
1825,0
1826,0
1827,0
1828,0
1829,0
1830,843
1831,843
1832,842
1833,843
1834,842
1835,843
1836,842
1837,843
1838,844
1839,0
1840,0
1841,0
1842,0
1843,0
1844,0
1845,0
1846,0
1847,842
1848,843
1849,842
1850,844
1851,842
1852,843
1853,842
1854,843
1855,0
1856,0
1857,0
1858,0
1859,0
1860,0
1861,0
1862,0
1863,0
1864,842
1865,843
1866,842
1867,843
1868,844
1869,842
1870,843
1871,842
1872,0
1873,0
1874,0
1875,0
1876,0
1877,0
1878,0
1879,0
1880,843
1881,843
1882,843
1883,843
1884,842
1885,844
1886,842
1887,843
1888,842
1889,0
1890,0
1891,0
1892,0
1893,0
1894,0
1895,0
1896,0
1897,844
1898,842
1899,843
1900,842
1901,844
1902,842
1903,844
1904,842
1905,0
1906,0
1907,0
1908,0
1909,0
1910,0
1911,0
1912,0
1913,0
1914,842
1915,843
1916,843
1917,842
1918,843
1919,842
1920,843
1921,843
1922,0
1923,0
1924,0
1925,0
1926,0
1927,0
1928,0
1929,0
1930,843
1931,842
1932,844
1933,842
1934,844
1935,842
1936,844
1937,842
1938,844
1939,0
1940,0
1941,0
1942,0
1943,0
1944,0
1945,0
1946,0
1947,842
1948,843
1949,842
1950,842
1951,843
1952,842
1953,843
1954,842
1955,0
1956,0
1957,0
1958,0
1959,0
1960,0
1961,0
1962,0
1963,0
1964,842
1965,843
1966,842
1967,843
1968,843
1969,843
1970,844
1971,842
1972,0
1973,0
1974,0
1975,0
1976,0
1977,0
1978,0
1979,0
1980,843
1981,843
1982,842
1983,843
1984,842
1985,843
1986,842
1987,843
1988,0
1989,0
1990,0
1991,0
1992,0
1993,0
1994,0
1995,0
1996,0
1997,842
1998,842
1999,843
2000,842
2001,843
2002,842
2003,844
2004,842
2005,0
2006,0
2007,0
2008,0
2009,0
2010,0
2011,0
2012,0
2013,843
2014,842
2015,843
2016,843
2017,843
2018,842
2019,842
2020,843
2021,843
2022,0
2023,0
2024,0
2025,0
2026,0
2027,0
2028,0
2029,0
2030,843
2031,843
2032,842
2033,843
2034,843
2035,842
2036,844
2037,842
2038,0
2039,0
2040,0
2041,0
2042,0
2043,0
2044,0
2045,0
2046,0
2047,844
2048,842
2049,843
2050,842
2051,843
2052,843
2053,844
2054,842
2055,0
2056,0
2057,0
2058,0
2059,0
2060,0
2061,0
2062,0
2063,844
2064,842
2065,844
2066,842
2067,844
2068,842
2069,843
2070,842
2071,843
2072,0
2073,0
2074,0
2075,0
2076,0
2077,0
2078,0
2079,0
2080,843
2081,841
2082,844
2083,842
2084,843
2085,843
2086,843
2087,842
2088,0
2089,0
2090,0
2091,0
2092,0
2093,0
2094,0
2095,0
2096,0
2097,843
2098,842
2099,843
2100,843
2101,843
2102,843
2103,842
2104,844
2105,0
2106,0
2107,0
2108,0
2109,0
2110,0
2111,0
2112,0
2113,842
2114,843
2115,843
2116,844
2117,842
2118,843
2119,843
2120,842
2121,844
2122,0
2123,0
2124,0
2125,0
2126,0
2127,0
2128,0
2129,0
2130,844
2131,842
2132,843
2133,843
2134,843
2135,843
2136,842
2137,843
2138,0
2139,0
2140,0
2141,0
2142,0
2143,0
2144,0
2145,0
2146,0
2147,843
2148,843
2149,842
2150,843
2151,842
2152,844
2153,842
2154,844
2155,0
2156,0
2157,0
2158,0
2159,0
2160,0
2161,0
2162,0
2163,843
2164,843
2165,842
2166,843
2167,844
2168,842
2169,843
2170,843
2171,842
2172,0
2173,0
2174,0
2175,0
2176,0
2177,0
2178,0
2179,0
2180,842
2181,843
2182,844
2183,842
2184,842
2185,844
2186,842
2187,844
2188,0
2189,0
2190,0
2191,0
2192,0
2193,0
2194,0
2195,0
2196,0
2197,843
2198,842
2199,843
2200,843
2201,842
2202,843
2203,842
2204,842
2205,0
2206,0
2207,0
2208,0
2209,0
2210,0
2211,0
2212,0
2213,842
2214,843
2215,842
2216,842
2217,844
2218,842
2219,843
2220,843
2221,0
2222,0
2223,0
2224,0
2225,0
2226,0
2227,0
2228,0
2229,0
2230,843
2231,843
2232,843
2233,843
2234,844
2235,842
2236,843
2237,842
2238,0
2239,0
2240,0
2241,0
2242,0
2243,0
2244,0
2245,0
2246,843
2247,844
2248,842
2249,843
2250,843
2251,843
2252,843
2253,842
2254,843
2255,0
2256,0
2257,0
2258,0
2259,0
2260,0
2261,0
2262,0
2263,843
2264,844
2265,842
2266,843
2267,842
2268,843
2269,844
2270,842
2271,0
2272,0
2273,0
2274,0
2275,0
2276,0
2277,0
2278,0
2279,0
2280,844
2281,842
2282,843
2283,842
2284,843
2285,843
2286,842
2287,843
2288,0
2289,0
2290,0
2291,0
2292,0
2293,0
2294,0
2295,0
2296,843
2297,843
2298,844
2299,842
2300,844
2301,843
2302,842
2303,843
2304,842
2305,0
2306,0
2307,0
2308,0
2309,0
2310,0
2311,0
2312,0
2313,842
2314,843
2315,843
2316,842
2317,844
2318,842
2319,844
2320,842
2321,0
2322,0
2323,0
2324,0
2325,0
2326,0
2327,0
2328,0
2329,0
2330,842
2331,843
2332,842
2333,844
2334,842
2335,843
2336,843
2337,843
2338,0
2339,0
2340,0
2341,0
2342,0
2343,0
2344,0
2345,0
2346,843
2347,842
2348,843
2349,843
2350,843
2351,844
2352,843
2353,843
2354,842
2355,0
2356,0
2357,0
2358,0
2359,0
2360,0
2361,0
2362,0
2363,842
2364,842
2365,842
2366,843
2367,843
2368,842
2369,844
2370,842
2371,0
2372,0
2373,0
2374,0
2375,0
2376,0
2377,0
2378,0
2379,0
2380,844
2381,842
2382,843
2383,842
2384,843
2385,843
2386,842
2387,844
2388,0
2389,0
2390,0
2391,0
2392,0
2393,0
2394,0
2395,0
2396,842
2397,843
2398,843
2399,842
2400,843
2401,843
2402,842
2403,843
2404,0
2405,0
2406,0
2407,0
2408,0
2409,0
2410,0
2411,0
2412,0
2413,842
2414,843
2415,843
2416,842
2417,843
2418,843
2419,842
2420,844
2421,0
2422,0
2423,0
2424,0
2425,0
2426,0
2427,0
2428,0
2429,843
2430,844
2431,842
2432,843
2433,843
2434,843
2435,842
2436,844
2437,842
2438,0
2439,0
2440,0
2441,0
2442,0
2443,0
2444,0
2445,0
2446,842
2447,843
2448,842
2449,843
2450,842
2451,844
2452,842
2453,843
2454,0
2455,0
2456,0
2457,0
2458,0
2459,0
2460,0
2461,0
2462,0
2463,843
2464,843
2465,843
2466,842
2467,844
2468,842
2469,844
2470,842
2471,0
2472,0
2473,0
2474,0
2475,0
2476,0
2477,0
2478,0
2479,844
2480,842
2481,843
2482,842
2483,843
2484,842
2485,844
2486,842
2487,844
2488,0
2489,0
2490,0
2491,0
2492,0
2493,0
2494,0
2495,0
2496,843
2497,842
2498,844
2499,842
2500,843
2501,843
2502,843
2503,842
2504,0
2505,0
2506,0
2507,0
2508,0
2509,0
2510,0
2511,0
2512,0
2513,843
2514,844
2515,842
2516,843
2517,842
2518,842
2519,844
2520,842
2521,0
2522,0
2523,0
2524,0
2525,0
2526,0
2527,0
2528,0
2529,843
2530,842
2531,843
2532,843
2533,842
2534,843
2535,842
2536,844
2537,842
2538,0
2539,0
2540,0
2541,0
2542,0
2543,0
2544,0
2545,0
2546,844
2547,842
2548,843
2549,842
2550,843
2551,843
2552,842
2553,843
2554,0
2555,0
2556,0
2557,0
2558,0
2559,0
2560,0
2561,0
2562,0
2563,844
2564,842
2565,844
2566,843
2567,843
2568,843
2569,842
2570,844
2571,0
2572,0
2573,0
2574,0
2575,0
2576,0
2577,0
2578,0
2579,844
2580,842
2581,843
2582,842
2583,844
2584,842
2585,844
2586,842
2587,844
2588,0
2589,0
2590,0
2591,0
2592,0
2593,0
2594,0
2595,0
2596,842
2597,842
2598,843
2599,842
2600,843
2601,842
2602,844
2603,842
2604,0
2605,0
2606,0
2607,0
2608,0
2609,0
2610,0
2611,0
2612,0
2613,843
2614,843
2615,843
2616,842
2617,843
2618,842
2619,843
2620,843
2621,0
2622,0
2623,0
2624,0
2625,0
2626,0
2627,0
2628,0
2629,843
2630,842
2631,844
2632,842
2633,843
2634,842
2635,844
2636,842
2637,0
2638,0
2639,0
2640,0
2641,0
2642,0
2643,0
2644,0
2645,0
2646,843
2647,842
2648,844
2649,842
2650,844
2651,842
2652,843
2653,842
2654,0
2655,0
2656,0
2657,0
2658,0
2659,0
2660,0
2661,0
2662,842
2663,844
2664,842
2665,844
2666,842
2667,844
2668,843
2669,842
2670,843
2671,0
2672,0
2673,0
2674,0
2675,0
2676,0
2677,0
2678,0
2679,843
2680,842
2681,843
2682,842
2683,843
2684,843
2685,843
2686,843
2687,0
2688,0
2689,0
2690,0
2691,0
2692,0
2693,0
2694,0
2695,0
2696,842
2697,843
2698,842
2699,843
2700,843
2701,843
2702,843
2703,843
2704,0
2705,0
2706,0
2707,0
2708,0
2709,0
2710,0
2711,0
2712,842
2713,844
2714,842
2715,843
2716,843
2717,842
2718,844
2719,842
2720,843
2721,0
2722,0
2723,0
2724,0
2725,0
2726,0
2727,0
2728,0
2729,844
2730,842
2731,843
2732,842
2733,843
2734,843
2735,842
2736,843
2737,0
2738,0
2739,0
2740,0
2741,0
2742,0
2743,0
2744,0
2745,0
2746,844
2747,842
2748,843
2749,842
2750,843
2751,843
2752,843
2753,843
2754,0
2755,0
2756,0
2757,0
2758,0
2759,0
2760,0
2761,0
2762,843
2763,842
2764,844
2765,842
2766,843
2767,843
2768,843
2769,843
2770,843
2771,0
2772,0
2773,0
2774,0
2775,0
2776,0
2777,0
2778,0
2779,843
2780,842
2781,844
2782,843
2783,843
2784,842
2785,843
2786,843
2787,0
2788,0
2789,0
2790,0
2791,0
2792,0
2793,0
2794,0
2795,0
2796,843
2797,843
2798,843
2799,842
2800,843
2801,843
2802,843
2803,843
2804,0
2805,0
2806,0
2807,0
2808,0
2809,0
2810,0
2811,0
2812,843
2813,843
2814,842
2815,843
2816,842
2817,844
2818,842
2819,844
2820,0
2821,0
2822,0
2823,0
2824,0
2825,0
2826,0
2827,0
2828,0
2829,843
2830,843
2831,843
2832,843
2833,843
2834,843
2835,843
2836,843
2837,0
2838,0
2839,0
2840,0
2841,0
2842,0
2843,0
2844,0
2845,843
2846,843
2847,842
2848,843
2849,842
2850,843
2851,842
2852,843
2853,842
2854,0
2855,0
2856,0
2857,0
2858,0
2859,0
2860,0
2861,0
2862,843
2863,842
2864,844
2865,842
2866,843
2867,843
2868,842
2869,844
2870,0
2871,0
2872,0
2873,0
2874,0
2875,0
2876,0
2877,0
2878,0
2879,842
2880,844
2881,842
2882,843
2883,842
2884,844
2885,843
2886,842
2887,0
2888,0
2889,0
2890,0
2891,0
2892,0
2893,0
2894,0
2895,843
2896,844
2897,842
2898,843
2899,843
2900,842
2901,843
2902,842
2903,844
2904,0
2905,0
2906,0
2907,0
2908,0
2909,0
2910,0
2911,0
2912,842
2913,843
2914,842
2915,843
2916,842
2917,843
2918,842
2919,843
2920,0
2921,0
2922,0
2923,0
2924,0
2925,0
2926,0
2927,0
2928,0
2929,844
2930,842
2931,844
2932,842
2933,843
2934,842
2935,843
2936,843
2937,0
2938,0
2939,0
2940,0
2941,0
2942,0
2943,0
2944,0
2945,842
2946,843
2947,843
2948,842
2949,844
2950,842
2951,843
2952,842
2953,844
2954,0
2955,0
2956,0
2957,0
2958,0
2959,0
2960,0
2961,0
2962,844
2963,843
2964,843
2965,843
2966,843
2967,843
2968,843
2969,842
2970,0
2971,0
2972,0
2973,0
2974,0
2975,0
2976,0
2977,0
2978,0
2979,842
2980,843
2981,842
2982,842
2983,844
2984,842
2985,844
2986,842
2987,0
2988,0
2989,0
2990,0
2991,0
2992,0
2993,0
2994,0
2995,842
2996,843
2997,842
2998,844
2999,842
3000,844
3001,842
3002,843
3003,841
3004,0
3005,0
3006,0
3007,0
3008,0
3009,0
3010,0
3011,0
3012,844
3013,842
3014,844
3015,843
3016,843
3017,843
3018,842
3019,842
3020,0
3021,0
3022,0
3023,0
3024,0
3025,0
3026,0
3027,0
3028,843
3029,842
3030,842
3031,843
3032,843
3033,843
3034,842
3035,843
3036,842
3037,0
3038,0
3039,0
3040,0
3041,0
3042,0
3043,0
3044,0
3045,844
3046,842
3047,843
3048,842
3049,843
3050,843
3051,842
3052,844
3053,0
3054,0
3055,0
3056,0
3057,0
3058,0
3059,0
3060,0
3061,0
3062,843
3063,843
3064,842
3065,843
3066,843
3067,842
3068,844
3069,842
3070,0
3071,0
3072,0
3073,0
3074,0
3075,0
3076,0
3077,0
3078,843
3079,842
3080,844
3081,842
3082,844
3083,842
3084,843
3085,843
3086,842
3087,0
3088,0
3089,0
3090,0
3091,0
3092,0
3093,0
3094,0
3095,842
3096,844
3097,842
3098,844
3099,842
3100,843
3101,844
3102,842
3103,0
3104,0
3105,0
3106,0
3107,0
3108,0
3109,0
3110,0
3111,0
3112,843
3113,842
3114,844
3115,842
3116,843
3117,844
3118,842
3119,843
3120,0
3121,0
3122,0
3123,0
3124,0
3125,0
3126,0
3127,0
3128,843
3129,842
3130,843
3131,842
3132,844
3133,842
3134,843
3135,843
3136,842
3137,0
3138,0
3139,0
3140,0
3141,0
3142,0
3143,0
3144,0
3145,844
3146,842
3147,844
3148,843
3149,843
3150,844
3151,842
3152,844
3153,0
3154,0
3155,0
3156,0
3157,0
3158,0
3159,0
3160,0
3161,0
3162,843
3163,843
3164,842
3165,843
3166,843
3167,842
3168,843
3169,842
3170,0
3171,0
3172,0
3173,0
3174,0
3175,0
3176,0
3177,0
3178,843
3179,843
3180,843
3181,842
3182,844
3183,842
3184,844
3185,842
3186,843
3187,0
3188,0
3189,0
3190,0
3191,0
3192,0
3193,0
3194,0
3195,843
3196,843
3197,842
3198,843
3199,842
3200,843
3201,843
3202,843
3203,0
3204,0
3205,0
3206,0
3207,0
3208,0
3209,0
3210,0
3211,0
3212,844
3213,842
3214,843
3215,843
3216,842
3217,843
3218,842
3219,844
3220,0
3221,0
3222,0
3223,0
3224,0
3225,0
3226,0
3227,0
3228,844
3229,843
3230,842
3231,844
3232,842
3233,843
3234,843
3235,842
3236,0
3237,0
3238,0
3239,0
3240,0
3241,0
3242,0
3243,0
3244,0
3245,842
3246,843
3247,842
3248,842
3249,844
3250,842
3251,843
3252,843
3253,0
3254,0
3255,0
3256,0
3257,0
3258,0
3259,0
3260,0
3261,0
3262,842
3263,843
3264,842
3265,844
3266,842
3267,844
3268,842
3269,843
3270,0
3271,0
3272,0
3273,0
3274,0
3275,0
3276,0
3277,0
3278,843
3279,842
3280,843
3281,843
3282,842
3283,843
3284,843
3285,843
3286,0
3287,0
3288,0
3289,0
3290,0
3291,0
3292,0
3293,0
3294,0
3295,842
3296,843
3297,843
3298,842
3299,843
3300,842
3301,843
3302,843
3303,0
3304,0
3305,0
3306,0
3307,0
3308,0
3309,0
3310,0
3311,842
3312,844
3313,843
3314,842
3315,843
3316,843
3317,842
3318,844
3319,842
3320,0
3321,0
3322,0
3323,0
3324,0
3325,0
3326,0
3327,0
3328,843
3329,842
3330,843
3331,843
3332,842
3333,843
3334,842
3335,842
3336,0
3337,0
3338,0
3339,0
3340,0
3341,0
3342,0
3343,0
3344,0
3345,843
3346,842
3347,843
3348,843
3349,843
3350,843
3351,842
3352,844
3353,0
3354,0
3355,0
3356,0
3357,0
3358,0
3359,0
3360,0
3361,842
3362,843
3363,843
3364,842
3365,844
3366,842
3367,843
3368,844
3369,842
3370,0
3371,0
3372,0
3373,0
3374,0
3375,0
3376,0
3377,0
3378,842
3379,843
3380,842
3381,843
3382,843
3383,843
3384,843
3385,843
3386,0
3387,0
3388,0
3389,0
3390,0
3391,0
3392,0
3393,0
3394,0
3395,843
3396,843
3397,843
3398,842
3399,843
3400,844
3401,842
3402,844
3403,0
3404,0
3405,0
3406,0
3407,0
3408,0
3409,0
3410,0
3411,843
3412,842
3413,843
3414,842
3415,844
3416,842
3417,844
3418,842
3419,843
3420,0
3421,0
3422,0
3423,0
3424,0
3425,0
3426,0
3427,0
3428,842
3429,844
3430,842
3431,844
3432,842
3433,843
3434,842
3435,843
3436,0
3437,0
3438,0
3439,0
3440,0
3441,0
3442,0
3443,0
3444,843
3445,842
3446,844
3447,842
3448,843
3449,844
3450,842
3451,844
3452,842
3453,0
3454,0
3455,0
3456,0
3457,0
3458,0
3459,0
3460,0
3461,843
3462,844
3463,842
3464,842
3465,844
3466,842
3467,844
3468,842
3469,0
3470,0
3471,0
3472,0
3473,0
3474,0
3475,0
3476,0
3477,0
3478,842
3479,843
3480,843
3481,842
3482,843
3483,842
3484,843
3485,844
3486,0
3487,0
3488,0
3489,0
3490,0
3491,0
3492,0
3493,0
3494,842
3495,844
3496,843
3497,843
3498,844
3499,842
3500,843
3501,844
3502,842
3503,0
3504,0
3505,0
3506,0
3507,0
3508,0
3509,0
3510,0
3511,842
3512,844
3513,842
3514,843
3515,843
3516,842
3517,844
3518,842
3519,0
3520,0
3521,0
3522,0
3523,0
3524,0
3525,0
3526,0
3527,0
3528,843
3529,843
3530,842
3531,844
3532,842
3533,843
3534,843
3535,842
3536,0
3537,0
3538,0
3539,0
3540,0
3541,0
3542,0
3543,0
3544,843
3545,842
3546,844
3547,842
3548,843
3549,843
3550,842
3551,844
3552,842
3553,0
3554,0
3555,0
3556,0
3557,0
3558,0
3559,0
3560,0
3561,843
3562,844
3563,842
3564,843
3565,842
3566,843
3567,842
3568,843
3569,0
3570,0
3571,0
3572,0
3573,0
3574,0
3575,0
3576,0
3577,0
3578,843
3579,843
3580,842
3581,843
3582,842
3583,844
3584,842
3585,843
3586,0
3587,0
3588,0
3589,0
3590,0
3591,0
3592,0
3593,0
3594,843
3595,842
3596,843
3597,842
3598,843
3599,842
3600,844
3601,842
3602,844
3603,0
3604,0
3605,0
3606,0
3607,0
3608,0
3609,0
3610,0
3611,843
3612,842
3613,844
3614,843
3615,842
3616,843
3617,842
3618,844
3619,0
3620,0
3621,0
3622,0
3623,0
3624,0
3625,0
3626,0
3627,0
3628,842
3629,844
3630,843
3631,843
3632,844
3633,843
3634,843
3635,844
3636,0
3637,0
3638,0
3639,0
3640,0
3641,0
3642,0
3643,0
3644,842
3645,843
3646,843
3647,842
3648,844
3649,842
3650,844
3651,842
3652,0
3653,0
3654,0
3655,0
3656,0
3657,0
3658,0
3659,0
3660,0
3661,843
3662,843
3663,842
3664,843
3665,844
3666,842
3667,843
3668,843
3669,0
3670,0
3671,0
3672,0
3673,0
3674,0
3675,0
3676,0
3677,843
3678,843
3679,842
3680,843
3681,842
3682,843
3683,843
3684,842
3685,844
3686,0
3687,0
3688,0
3689,0
3690,0
3691,0
3692,0
3693,0
3694,844
3695,842
3696,844
3697,842
3698,843
3699,844
3700,842
3701,844
3702,0
3703,0
3704,0
3705,0
3706,0
3707,0
3708,0
3709,0
3710,0
3711,842
3712,843
3713,843
3714,842
3715,843
3716,842
3717,843
3718,843
3719,0
3720,0
3721,0
3722,0
3723,0
3724,0
3725,0
3726,0
3727,842
3728,842
3729,844
3730,842
3731,844
3732,842
3733,843
3734,844
3735,842
3736,0
3737,0
3738,0
3739,0
3740,0
3741,0
3742,0
3743,0
3744,842
3745,843
3746,843
3747,842
3748,844
3749,842
3750,844
3751,843
3752,0
3753,0
3754,0
3755,0
3756,0
3757,0
3758,0
3759,0
3760,0
3761,842
3762,844
3763,843
3764,843
3765,843
3766,842
3767,844
3768,842
3769,0
3770,0
3771,0
3772,0
3773,0
3774,0
3775,0
3776,0
3777,843
3778,842
3779,843
3780,843
3781,842
3782,843
3783,843
3784,842
3785,843
3786,0
3787,0
3788,0
3789,0
3790,0
3791,0
3792,0
3793,0
3794,843
3795,843
3796,843
3797,843
3798,842
3799,844
3800,842
3801,844
3802,0
3803,0
3804,0
3805,0
3806,0
3807,0
3808,0
3809,0
3810,0
3811,844
3812,842
3813,843
3814,842
3815,843
3816,843
3817,842
3818,844
3819,0
3820,0
3821,0
3822,0
3823,0
3824,0
3825,0
3826,0
3827,844
3828,842
3829,843
3830,844
3831,842
3832,843
3833,844
3834,842
3835,843
3836,0
3837,0
3838,0
3839,0
3840,0
3841,0
3842,0
3843,0
3844,844
3845,843
3846,843
3847,844
3848,843
3849,842
3850,843
3851,842
3852,0
3853,0
3854,0
3855,0
3856,0
3857,0
3858,0
3859,0
3860,0
